{
  "HTTP Request_Bodega_Almacenamiento" : {
    "transaction" : "HTTP Request_Bodega_Almacenamiento",
    "sampleCount" : 2662,
    "errorCount" : 795,
    "errorPct" : 29.864763,
    "meanResTime" : 5237.440646130725,
    "medianResTime" : 5280.0,
    "minResTime" : 2.0,
    "maxResTime" : 15668.0,
    "pct1ResTime" : 10676.300000000003,
    "pct2ResTime" : 13022.25,
    "pct3ResTime" : 14973.509999999998,
    "throughput" : 19.62142878202671,
    "receivedKBytesPerSec" : 17.89163447257275,
    "sentKBytesPerSec" : 1.8411429348667334
  },
  "Total" : {
    "transaction" : "Total",
    "sampleCount" : 2662,
    "errorCount" : 795,
    "errorPct" : 29.864763,
    "meanResTime" : 5237.440646130725,
    "medianResTime" : 5280.0,
    "minResTime" : 2.0,
    "maxResTime" : 15668.0,
    "pct1ResTime" : 10676.300000000003,
    "pct2ResTime" : 13022.25,
    "pct3ResTime" : 14973.509999999998,
    "throughput" : 19.62142878202671,
    "receivedKBytesPerSec" : 17.89163447257275,
    "sentKBytesPerSec" : 1.8411429348667334
  }
}